date,T2M,RH2M,U2M,V2M,PS,site
2025-01-18,297.6224,85.100945,-2.2629302,-4.041762,100667.91,location_11579
2025-01-19,297.252,87.83303,-2.51565,-3.190178,100694.914,location_11579
2025-01-20,296.6003,83.09676,-1.8646487,-2.749383,100648.84,location_11579
2025-01-21,296.7837,80.62135,-1.7931465,-2.0099907,100590.31,location_11579
2025-01-22,297.31598,80.86196,-2.0102963,-1.8823915,100620.164,location_11579
2025-01-23,296.82605,79.717155,-2.0405462,-1.3500718,100606.13,location_11579
2025-01-24,296.3361,79.405975,-1.9947228,-1.498438,100647.37,location_11579
2025-01-25,296.00195,80.10163,-1.9438847,-1.9638175,100702.43,location_11579
2025-01-26,296.62814,81.65072,-1.7930999,-1.6135231,100638.46,location_11579
2025-01-27,296.99942,77.00724,-1.6582035,-1.2023226,100585.09,location_11579
2025-01-28,296.90393,75.47165,-1.8967743,-0.66850895,100680.01,location_11579
2025-01-29,296.43027,78.474495,-1.8665005,-2.1133294,100746.414,location_11579
2025-01-30,297.55234,82.02382,-1.0243155,-1.3697267,100576.54,location_11579
2025-01-31,298.41263,85.892975,-1.7630663,-0.6115401,100561.53,location_11579
2025-02-01,298.21426,81.21396,-1.645464,-0.2024913,100662.1,location_11579
2025-02-02,297.4953,76.323395,-1.1630111,-0.5861415,100664.28,location_11579
2025-02-03,297.39346,69.7289,-0.89725,0.12661298,100726.84,location_11579
2025-02-04,298.3339,65.608086,-0.9994595,-0.338382,100657.305,location_11579
2025-02-05,298.20187,72.881134,-1.4498568,0.040302526,100591.125,location_11579
2025-02-06,298.24136,78.51478,-1.5395988,0.27455646,100631.35,location_11579
2025-02-07,298.08725,75.78356,-1.0868713,-0.022065049,100745.06,location_11579
2025-02-08,298.15982,77.05712,-1.0655879,-0.9194966,100717.04,location_11579
2025-02-09,298.1063,80.886375,-1.8292322,-1.0440956,100698.85,location_11579
2025-02-10,297.96893,77.13728,-1.867803,-1.0259143,100804.125,location_11579
2025-02-11,297.6084,74.46163,-1.2707142,0.07686209,100816.4,location_11579
2025-02-12,297.4546,73.34759,-1.041987,-0.056943458,100787.9,location_11579
2025-02-13,297.2282,73.31019,-0.74790883,1.0695436,100762.97,location_11579
2025-02-14,297.31827,75.392235,-0.5703304,0.8814299,100698.586,location_11579
2025-02-15,297.9703,75.975426,-0.94777846,0.83141524,100625.91,location_11579
2025-02-16,298.39285,76.664696,-1.4291507,0.4679632,100740.086,location_11579
2025-02-17,298.62772,77.36088,-1.6756026,0.8548383,100821.41,location_11579
2025-02-18,298.2954,76.23534,-1.10865,1.194951,100775.66,location_11579
2025-02-19,298.56174,75.912605,-1.5010277,1.1182245,100613.73,location_11579
2025-02-20,298.76773,76.56263,-1.6601782,0.9030907,100729.586,location_11579
2025-02-21,299.1313,76.8186,-1.858449,-0.08803473,100826.18,location_11579
2025-02-22,299.4,71.83491,-1.2673813,0.547352,100862.01,location_11579
2025-02-23,299.50427,70.32593,-1.4355927,-0.11874371,100847.62,location_11579
2025-02-24,299.45566,74.691986,-2.2279546,-1.6686951,100913.555,location_11579
2025-02-25,299.77206,75.3139,-2.7012422,-2.558904,100967.18,location_11579
2025-02-26,299.58908,73.74737,-3.1260278,-2.5899045,100925.18,location_11579
2025-02-27,299.37808,72.06964,-2.728303,-2.1943548,100764.35,location_11579
2025-02-28,299.83994,72.14217,-2.5191786,-2.1140854,100709.51,location_11579
2025-03-01,300.0812,75.88418,-2.4262178,-1.2676765,100588.81,location_11579
2025-03-02,300.4288,75.34306,-1.565071,0.08471169,100506.81,location_11579
2025-03-03,300.33005,70.129105,-0.82449955,0.63796735,100522.74,location_11579
2025-03-04,300.4916,68.967804,-0.9883341,0.9428455,100493.43,location_11579
2025-03-05,300.7287,66.50665,-0.73010015,1.0569009,100493.46,location_11579
2025-03-06,300.48596,64.56718,-0.758949,-1.0426499,100507.53,location_11579
2025-03-07,299.4299,65.105515,-1.0683302,-0.1990636,100459.71,location_11579
2025-03-08,299.43796,69.14608,-1.0077031,1.1420451,100374.43,location_11579
2025-03-09,299.6485,69.603676,-2.2200353,0.27065957,100578.02,location_11579
2025-03-10,300.49344,72.669655,-2.9433048,-1.8496046,100744.75,location_11579
2025-03-11,300.7079,80.63077,-2.8993819,-1.8052058,100707.695,location_11579
2025-03-12,301.2854,77.58143,-1.6687717,-0.16939336,100552.91,location_11579
2025-03-13,301.32156,74.08564,-1.0051216,1.1058236,100433.52,location_11579
2025-03-14,300.93005,73.801865,-1.0992031,2.0070887,100507.03,location_11579
2025-03-15,301.03616,71.35416,-1.2661976,1.5008022,100592.695,location_11579
2025-03-16,301.516,73.007454,-1.0046443,1.523212,100555.27,location_11579
2025-03-17,301.59174,76.06689,-0.9053077,1.9559736,100506.31,location_11579
2025-03-18,301.40576,78.33378,-1.2310882,2.3358822,100550.52,location_11579
2025-03-19,301.6639,73.926384,-2.1171694,2.1792133,100753.26,location_11579
2025-03-20,301.9729,70.15461,-2.2289407,1.9821149,100829.945,location_11579
2025-03-21,302.01746,72.50542,-2.4952905,1.8265907,100797.47,location_11579
2025-03-22,302.41525,72.99762,-2.473717,1.980332,100727.75,location_11579
2025-03-23,302.25284,71.086655,-2.6575758,0.92303616,100725.62,location_11579
2025-03-24,301.80472,68.726234,-2.3696969,0.39474168,100635.71,location_11579
2025-03-25,301.95157,66.12179,-1.5667049,0.89783144,100372.16,location_11579
2025-03-26,302.37305,64.64113,-0.9599007,1.7107348,100301.93,location_11579
2025-03-27,302.76016,59.97092,-0.39983237,1.4044304,100198.44,location_11579
2025-03-28,302.9614,62.809723,-0.18904032,2.0903075,100153.97,location_11579
2025-03-29,302.7481,61.190975,-0.7285828,2.2796264,100179.52,location_11579
2025-03-30,302.02225,66.989265,-1.4078099,2.4481046,100339.99,location_11579
2025-03-31,301.78146,65.817024,-2.1194582,1.9097873,100365.625,location_11579
2025-04-01,300.93835,65.58744,-2.0200198,1.6779232,100349.07,location_11579
2025-04-02,302.63742,66.743706,-1.9424496,1.618535,100443.88,location_11579
2025-04-03,302.18808,67.19112,-1.6005836,1.8040681,100588.51,location_11579
2025-04-04,302.7571,63.244614,-1.7688738,-0.38901162,100516.375,location_11579
2025-04-05,303.05807,66.62174,-1.2146195,0.96136767,100395.695,location_11579
2025-04-06,303.55737,64.735054,-1.7216419,0.44763097,100324.336,location_11579
2025-04-07,303.06345,67.88483,-1.6911964,0.53694886,100381.21,location_11579
2025-04-08,302.84586,67.91182,-1.722129,-2.0123372,100449.54,location_11579
2025-04-09,303.13956,68.05555,-1.4759127,-1.4126134,100287.01,location_11579
2025-04-10,304.666,62.69478,-0.74971324,1.5269111,100021.66,location_11579
2025-04-11,304.77597,63.95769,-0.15738189,1.5592741,100038.31,location_11579
2025-04-12,305.1524,59.817486,-0.15399276,1.2772115,100122.97,location_11579
2025-04-13,304.7861,61.104534,-1.1020736,0.62489206,100232.13,location_11579
2025-04-14,303.9194,62.17574,-1.3129169,1.7240487,100287.26,location_11579
2025-04-15,303.337,67.535324,-1.0550517,2.7689497,100294.37,location_11579
2025-04-16,302.86838,70.278404,-1.0262359,2.6387422,100309.53,location_11579
2025-04-17,303.24966,70.679375,-0.7106826,2.8300667,100191.555,location_11579
2025-04-18,303.66394,71.36338,-0.33110422,3.3623102,100150.99,location_11579
2025-04-19,304.03146,71.6206,-0.6560385,2.3319817,100102.74,location_11579
2025-04-20,303.86066,72.660736,-0.34706935,2.8222654,100169.91,location_11579
2025-04-21,302.83566,75.30602,-0.7169118,1.992503,100368.98,location_11579
2025-04-22,303.90872,67.30003,-1.0432893,2.666178,100415.71,location_11579
2025-04-23,303.78317,65.69535,-0.43585148,2.8465545,100220.23,location_11579
2025-04-24,303.3234,70.554634,-0.84134126,2.683305,100178.57,location_11579
2025-04-25,303.93082,70.650276,-1.2573143,2.9261715,100208.38,location_11579
2025-04-26,303.96085,70.07809,-1.3750858,3.3034058,100242.625,location_11579
2025-04-27,303.47318,70.45164,-1.8124927,2.4671967,100330.18,location_11579
2025-04-28,303.74152,65.64615,-1.7632612,2.074995,100202.195,location_11579
2025-04-29,304.3191,64.77831,-1.6625881,2.1538053,100176.96,location_11579
2025-04-30,304.71442,65.15337,-1.2949218,2.8513262,100211.41,location_11579
2025-05-01,304.89548,64.3375,-1.1121576,2.8455393,100236.02,location_11579
2025-05-02,304.60083,66.04416,-1.1191545,3.2506478,100268.57,location_11579
2025-05-03,304.8379,64.72812,-0.6941902,3.476002,100141.25,location_11579
2025-05-04,303.975,67.68806,-0.7794121,2.4574773,100108.43,location_11579
2025-05-05,303.09543,73.624405,-0.22252445,2.5191996,100143.12,location_11579
2025-05-06,302.9255,76.034294,-0.24446595,2.6788247,100157.0,location_11579
2025-05-07,302.7698,74.28287,-0.20586924,1.992731,100110.27,location_11579
2025-05-08,303.3857,71.72216,-0.57355106,2.3681605,100157.29,location_11579
2025-05-09,302.95145,72.60527,-0.88169926,0.79400235,100208.57,location_11579
2025-05-10,303.99088,68.978874,-0.20799768,2.1556246,100167.65,location_11579
2025-05-11,303.25687,73.33145,0.35831234,1.9980526,100053.4,location_11579
2025-05-12,304.73138,65.24663,0.015798071,1.1417208,99889.98,location_11579
2025-05-13,304.76712,64.25376,-0.28152266,0.63060504,99889.1,location_11579
2025-05-14,304.6643,66.49174,-0.64327323,0.53899676,99997.555,location_11579
2025-05-15,305.2079,66.95986,-0.3131629,1.4101819,100000.73,location_11579
2025-05-16,303.00992,59.20961,-0.682995,1.2087804,100089.71,location_11579
2025-05-17,304.22595,61.931324,-0.44849077,0.60824,99982.87,location_11579
2025-05-18,303.27145,73.2584,-1.0708863,-0.16309232,99874.01,location_11579
2025-05-19,303.1699,73.63561,-0.019890686,-0.45562062,99777.85,location_11579
2025-05-20,302.3284,79.00002,0.5331505,2.3269637,99753.125,location_11579
2025-05-21,303.40848,72.347725,1.5377408,1.4778994,99857.625,location_11579
2025-05-22,303.79874,67.07619,1.5870295,2.4647636,99888.93,location_11579
2025-05-23,304.25247,68.94108,1.1892359,2.897993,99716.46,location_11579
2025-05-24,304.07977,67.95982,3.0748942,3.1613448,99723.77,location_11579
2025-05-25,303.17175,72.60627,2.774086,4.261052,99828.9,location_11579
2025-05-26,302.9805,67.202965,4.7835655,2.451904,99707.96,location_11579
2025-05-27,304.1158,60.766598,4.4148855,1.3751658,99591.02,location_11579
2025-05-28,303.78592,64.04827,4.4002566,0.06890077,99564.43,location_11579
2025-05-29,303.60657,64.9404,3.8320768,1.624808,99572.21,location_11579
2025-05-30,302.71365,70.02821,3.4501245,1.6375648,99755.24,location_11579
2025-05-31,302.78107,62.3004,2.352105,0.7585589,100008.27,location_11579
2025-06-01,304.09454,60.341854,2.015663,0.87103814,100064.38,location_11579
2025-01-18,287.51123,52.309235,1.652945,-0.3514234,100285.57,location_234568
2025-01-19,289.32394,52.12079,1.9428867,-0.56626374,100107.25,location_234568
2025-01-20,291.11823,55.46323,2.6153376,-0.7433572,99930.51,location_234568
2025-01-21,290.89615,49.660355,2.2040765,-0.27915576,99824.31,location_234568
2025-01-22,292.04776,49.242477,1.4922341,-0.30449218,99891.836,location_234568
2025-01-23,292.2196,50.77066,0.8723667,-0.51116043,99923.805,location_234568
2025-01-24,289.57227,39.3441,2.3310523,-0.63424,100009.695,location_234568
2025-01-25,288.5327,38.928127,2.0862305,-0.2591939,100031.43,location_234568
2025-01-26,288.7878,29.83626,1.3314916,-0.4438155,100015.79,location_234568
2025-01-27,287.52148,32.01992,1.6622261,-0.5025645,99821.76,location_234568
2025-01-28,290.08167,25.226046,1.0438671,-0.3591421,99928.01,location_234568
2025-01-29,291.14188,24.300116,-0.9632914,0.4575063,99996.086,location_234568
2025-01-30,292.63208,27.544218,0.37058195,0.0342879,99647.875,location_234568
2025-01-31,293.32748,32.686604,-0.18447648,0.0988945,99656.87,location_234568
2025-02-01,293.95255,33.994965,-0.8773225,0.21962877,99819.1,location_234568
2025-02-02,292.02298,37.90505,1.4038955,-0.7935593,99915.28,location_234568
2025-02-03,293.30557,37.841667,1.3173836,-0.88180095,99959.51,location_234568
2025-02-04,294.27756,45.837387,0.5375182,-0.8409067,99872.63,location_234568
2025-02-05,291.814,40.22553,2.2996867,-1.3396667,99939.46,location_234568
2025-02-06,289.67218,29.594843,2.84418,-1.1605825,100088.02,location_234568
2025-02-07,289.3789,30.170557,2.8329384,-0.53023326,100089.4,location_234568
2025-02-08,290.00912,29.77767,1.8599119,-0.55897087,100011.71,location_234568
2025-02-09,291.73422,26.64161,1.644248,-0.27539322,99898.19,location_234568
2025-02-10,293.43784,27.409433,1.6167284,-0.54813033,99916.79,location_234568
2025-02-11,294.6997,27.43271,1.7675034,-0.582261,99816.06,location_234568
2025-02-12,293.5555,32.03384,2.2115672,-0.6589052,99917.56,location_234568
2025-02-13,291.7523,23.717857,3.10796,-0.6726439,99904.63,location_234568
2025-02-14,292.02563,24.688837,2.7519398,-0.40915084,99774.586,location_234568
2025-02-15,294.27335,28.062273,0.3042026,0.02311652,99681.57,location_234568
2025-02-16,295.09467,30.565172,-0.5406855,0.21338557,99818.086,location_234568
2025-02-17,295.46072,30.079954,0.2975228,-0.73020434,100049.07,location_234568
2025-02-18,295.67496,31.1146,1.3437711,-0.6990283,99940.32,location_234568
2025-02-19,295.84073,30.77773,0.6600909,-0.7176068,99827.06,location_234568
2025-02-20,294.67038,37.627274,-1.2588221,-0.53396934,100022.586,location_234568
2025-02-21,295.8712,37.789486,0.75175244,-0.3248405,100020.84,location_234568
2025-02-22,293.5032,36.342678,2.0712786,-0.41175988,100115.01,location_234568
2025-02-23,293.4027,33.718765,1.660649,-0.6251918,100244.945,location_234568
2025-02-24,293.24634,30.43085,1.7128998,-0.64190644,100364.88,location_234568
2025-02-25,294.7076,30.202078,0.6514597,-0.5263924,100452.51,location_234568
2025-02-26,296.3329,29.439537,0.5867943,-0.41374424,100340.18,location_234568
2025-02-27,297.94775,36.97588,0.29915774,-0.712612,99998.35,location_234568
2025-02-28,297.05643,41.66128,-1.3258198,-0.049959246,99757.18,location_234568
2025-03-01,297.3273,41.640217,0.23089331,-0.24211031,99716.81,location_234568
2025-03-02,297.1205,39.4219,2.017079,-1.3266176,99633.48,location_234568
2025-03-03,297.32254,27.794016,2.0710666,-0.5412412,99664.41,location_234568
2025-03-04,296.30737,25.90138,3.454359,-1.0794921,99740.09,location_234568
2025-03-05,293.03012,22.408655,3.666352,-1.248397,99753.125,location_234568
2025-03-06,293.8284,15.665455,2.2088778,-0.7499086,99791.195,location_234568
2025-03-07,295.6942,16.102362,1.7700135,-0.51904297,99540.375,location_234568
2025-03-08,297.66647,14.479923,1.071359,-0.4313166,99532.43,location_234568
2025-03-09,297.11172,18.24483,-0.74359894,-0.29882458,99963.02,location_234568
2025-03-10,299.50095,19.466991,-0.42140523,-0.05629005,100114.75,location_234568
2025-03-11,300.19324,22.377892,1.5476645,0.34037355,99771.37,location_234568
2025-03-12,301.37558,24.207016,2.0339527,-0.332691,99305.57,location_234568
2025-03-13,303.3144,26.533531,0.81111926,-0.16277106,99229.85,location_234568
2025-03-14,302.988,25.850283,-0.089784704,-0.20558453,99382.03,location_234568
2025-03-15,303.10092,24.518156,-0.15165108,0.037526224,99524.695,location_234568
2025-03-16,302.63058,26.861048,0.9188226,-0.877248,99457.94,location_234568
2025-03-17,300.09824,27.912085,2.4084892,-2.1420844,99694.31,location_234568
2025-03-18,297.97934,24.31811,2.2846646,-0.72969204,99704.85,location_234568
2025-03-19,299.40384,17.70138,1.4577885,-0.77405244,99850.59,location_234568
2025-03-20,301.20728,16.359055,0.6801272,-0.6257908,99852.28,location_234568
2025-03-21,300.1509,17.519361,1.1774803,-0.99628854,99777.13,location_234568
2025-03-22,299.954,21.7471,0.9991023,-0.15095957,99836.086,location_234568
2025-03-23,299.5582,21.45636,-0.23095296,-0.1936413,99987.62,location_234568
2025-03-24,301.22333,15.987483,0.023366287,-0.18700534,99892.375,location_234568
2025-03-25,301.75626,15.701655,1.2212951,-0.30443394,99428.16,location_234568
2025-03-26,303.58725,15.627717,1.7588671,-0.64371675,99196.93,location_234568
2025-03-27,304.47238,18.281391,2.4094553,-0.6259238,99054.1,location_234568
2025-03-28,302.20358,13.095291,2.7312021,-1.5212337,99232.63,location_234568
2025-03-29,299.0671,7.7741876,2.9663591,-0.78734964,99359.19,location_234568
2025-03-30,299.22995,9.698647,2.4760401,-0.8262687,99483.99,location_234568
2025-03-31,300.60046,10.474083,2.2268903,-0.9023693,99430.96,location_234568
2025-04-01,301.18054,12.311004,2.0637414,-0.8816014,99437.07,location_234568
2025-04-02,301.45578,16.956743,1.4272512,-0.27227563,99592.88,location_234568
2025-04-03,303.49277,12.993713,1.3871592,-0.1562043,99666.84,location_234568
2025-04-04,303.49277,13.631717,1.8322934,-0.67949826,99457.71,location_234568
2025-04-05,303.73904,14.338784,1.7043601,-0.39366472,99297.37,location_234568
2025-04-06,304.92783,14.905122,0.80219895,-0.5828717,99277.664,location_234568
2025-04-07,304.49573,15.794032,-1.20422,0.18036304,99445.875,location_234568
2025-04-08,304.66684,29.320625,-2.1080768,-0.12866767,99595.21,location_234568
2025-04-09,305.42535,28.469795,-1.3606606,-0.24050921,99290.01,location_234568
2025-04-10,301.70572,47.314377,-2.084265,0.5540616,99057.32,location_234568
2025-04-11,302.76947,43.924915,-1.9668924,0.12581006,98987.65,location_234568
2025-04-12,303.29044,32.311382,-0.79017997,-0.62201244,99223.63,location_234568
2025-04-13,302.50095,34.13946,-0.9707361,-0.35628426,99445.47,location_234568
2025-04-14,302.1056,37.005863,-1.6619921,-0.04048264,99499.59,location_234568
2025-04-15,303.48672,38.677197,-1.767332,0.092163704,99437.695,location_234568
2025-04-16,304.356,32.260994,-1.4834064,0.3577408,99300.87,location_234568
2025-04-17,306.11163,30.453934,-0.56429464,0.4443188,99049.555,location_234568
2025-04-18,306.3638,31.48462,-2.1165333,0.6628049,98961.99,location_234568
2025-04-19,305.26843,37.411106,-2.3859274,0.6863332,99052.41,location_234568
2025-04-20,306.73697,28.377089,-0.8613072,1.1938919,99015.24,location_234568
2025-04-21,307.9255,21.436739,0.37946272,-0.047363132,99198.65,location_234568
2025-04-22,306.5435,10.740898,2.1905873,-1.069199,99198.71,location_234568
2025-04-23,305.79358,9.001027,2.8993347,-0.82033616,98949.56,location_234568
2025-04-24,307.5187,7.668121,1.8102216,-0.3284034,98888.91,location_234568
2025-04-25,308.75308,8.135341,0.9392188,-0.6231449,98925.055,location_234568
2025-04-26,308.0598,11.076936,0.21548074,-0.8712361,98929.29,location_234568
2025-04-27,306.38266,13.926255,0.69988006,-0.748214,99146.51,location_234568
2025-04-28,305.68552,21.63999,-2.4487026,0.18177164,99121.195,location_234568
2025-04-29,304.97598,27.564646,-3.2797718,0.24364384,99155.625,location_234568
2025-04-30,305.15646,35.437073,-3.454933,0.18969275,99305.41,location_234568
2025-05-01,305.7034,34.93958,-3.805995,-0.00828885,99382.35,location_234568
2025-05-02,305.34106,33.605064,-2.5375607,-0.13715322,99308.91,location_234568
2025-05-03,307.15884,28.406553,-0.36770678,-0.33237475,99056.586,location_234568
2025-05-04,307.60977,26.032274,-0.42000547,0.22573434,98980.43,location_234568
2025-05-05,306.0362,30.292143,-1.6784469,0.010399643,99097.78,location_234568
2025-05-06,306.14883,31.943918,-0.89136714,0.63782936,99114.664,location_234568
2025-05-07,307.637,32.19389,0.07862707,1.5333714,99000.27,location_234568
2025-05-08,305.97296,39.090374,1.1480573,1.8501357,99171.625,location_234568
2025-05-09,305.92084,37.888878,2.0107746,1.1044811,99258.24,location_234568
2025-05-10,308.02213,35.220333,1.5271066,0.8502249,99097.31,location_234568
2025-05-11,307.8721,34.105453,1.965106,-0.04167706,98883.06,location_234568
2025-05-12,307.831,25.578758,2.2297657,-1.357267,98780.98,location_234568
2025-05-13,308.83807,23.915415,2.0636744,-1.404821,98830.77,location_234568
2025-05-14,309.48984,23.088953,1.8659431,-0.9788637,98872.555,location_234568
2025-05-15,309.995,16.372417,1.49111,-0.36406446,98840.06,location_234568
2025-05-16,310.51578,16.962528,0.5340956,0.012599796,98762.71,location_234568
2025-05-17,310.55017,17.782227,0.5774056,-0.426545,98822.195,location_234568
2025-05-18,310.24084,24.118834,-0.5726251,-0.435524,98797.34,location_234568
2025-05-19,309.03513,32.341206,-2.6885672,-0.26773915,98819.52,location_234568
2025-05-20,310.33752,29.553596,-0.89660054,-0.31041887,98616.46,location_234568
2025-05-21,310.3297,29.56679,-3.3491204,0.89343095,98721.625,location_234568
2025-05-22,307.01553,42.5444,-2.9120653,-0.45894518,98803.93,location_234568
2025-05-23,307.7388,39.699757,-2.864752,0.314747,98614.125,location_234568
2025-05-24,308.0225,38.55444,-3.1598876,1.7942888,98732.77,location_234568
2025-05-25,308.09753,41.22417,-2.3935318,0.86779696,98878.23,location_234568
2025-05-26,308.05862,41.0738,-3.2086627,0.32813618,98666.29,location_234568
2025-05-27,308.54227,42.59789,-2.6085825,-0.53518635,98459.69,location_234568
2025-05-28,309.78137,38.46786,-1.6894444,-0.83104223,98245.09,location_234568
2025-05-29,310.64172,32.8714,0.026603358,-0.40542862,98064.875,location_234568
2025-05-30,310.65506,24.436934,1.3188468,-1.6358987,98095.57,location_234568
2025-05-31,308.32535,29.797728,1.528326,-0.571036,98379.6,location_234568
2025-06-01,308.68765,24.076782,2.9340067,-0.8215482,98406.38,location_234568
2025-01-18,287.6421,68.46277,0.2414555,0.2935185,99169.24,location_278671
2025-01-19,291.39395,60.90965,0.41833863,0.022004569,99030.914,location_278671
2025-01-20,292.29434,66.89864,1.2209779,-0.63499737,98894.51,location_278671
2025-01-21,292.39957,65.27854,0.79227215,0.026439311,98764.31,location_278671
2025-01-22,291.29254,69.83787,-0.28813288,0.6345051,98772.5,location_278671
2025-01-23,291.11838,67.866844,-0.15582639,0.00015812616,98809.47,location_278671
2025-01-24,289.02344,47.73772,1.0577573,-1.0130261,98961.37,location_278671
2025-01-25,289.4603,40.04646,1.3256775,-0.5998089,98956.76,location_278671
2025-01-26,289.76065,38.938515,0.4650165,0.16662444,98895.46,location_278671
2025-01-27,290.1962,37.362804,0.7192773,-0.059447546,98721.76,location_278671
2025-01-28,290.0504,40.243244,-0.06454405,0.6017776,98775.01,location_278671
2025-01-29,290.13324,45.635105,-1.1081202,0.78853625,98809.75,location_278671
2025-01-30,291.94962,45.766903,-0.05876097,0.5880522,98479.875,location_278671
2025-01-31,292.78387,41.35087,0.14305216,0.8963538,98474.195,location_278671
2025-02-01,293.27954,39.124832,1.047851,-0.011590195,98658.44,location_278671
2025-02-02,292.06366,44.262295,0.23444416,-0.81203264,98819.945,location_278671
2025-02-03,292.27155,48.35584,-0.7773439,0.25784206,98841.18,location_278671
2025-02-04,293.51715,55.977352,-0.4127591,0.093672045,98724.305,location_278671
2025-02-05,289.5007,47.18251,1.0226685,-1.6045185,98925.46,location_278671
2025-02-06,288.47604,39.23104,1.0291113,-1.488321,99112.35,location_278671
2025-02-07,288.9147,37.01259,1.603464,-0.8433189,99076.4,location_278671
2025-02-08,291.9904,26.594551,0.9184752,-0.2309088,98949.375,location_278671
2025-02-09,292.0358,34.629658,-0.115806736,0.5772117,98794.52,location_278671
2025-02-10,293.69583,41.131332,-0.23452444,0.3378222,98785.46,location_278671
2025-02-11,295.55258,35.115692,0.19014768,0.7193627,98708.4,location_278671
2025-02-12,292.22168,41.413975,1.2486764,-1.2709403,98880.23,location_278671
2025-02-13,291.2326,33.61031,1.8818554,-1.1614999,98932.305,location_278671
2025-02-14,293.56372,31.122889,1.5263425,-0.40411416,98736.25,location_278671
2025-02-15,296.34238,35.9709,0.9601143,0.929102,98455.24,location_278671
2025-02-16,294.73172,44.312576,-0.10174605,-0.39961088,98628.086,location_278671
2025-02-17,294.57724,40.864475,-1.0651811,-0.269079,98916.74,location_278671
2025-02-18,295.38037,42.619175,-0.4743091,0.27892593,98800.99,location_278671
2025-02-19,294.95108,45.765057,-0.7928929,0.18999173,98686.73,location_278671
2025-02-20,294.52878,50.166843,-1.377273,0.7340165,98810.586,location_278671
2025-02-21,295.116,46.62202,0.52987695,-0.39669523,98910.18,location_278671
2025-02-22,293.50418,39.304157,1.2406906,-1.2408894,99068.01,location_278671
2025-02-23,294.02023,42.627003,0.19420816,-0.43173066,99131.945,location_278671
2025-02-24,294.2854,38.45026,0.19082552,-0.35288528,99247.22,location_278671
2025-02-25,293.81015,41.217022,-0.13092963,0.41893026,99332.18,location_278671
2025-02-26,296.1343,37.64228,-0.50001675,0.7100954,99227.18,location_278671
2025-02-27,297.16226,39.040077,-0.35625765,0.88724786,98825.69,location_278671
2025-02-28,297.98904,39.329754,1.1780006,0.40759397,98521.18,location_278671
2025-03-01,297.00668,44.33887,0.2959307,-0.30202267,98582.48,location_278671
2025-03-02,296.11856,47.42041,0.24899566,-1.0015913,98572.81,location_278671
2025-03-03,297.07614,39.399616,0.48813903,0.16378988,98572.41,location_278671
2025-03-04,294.91837,29.676142,2.8120658,-1.9948465,98777.76,location_278671
2025-03-05,291.39862,25.699438,2.5198066,-2.1006525,98824.46,location_278671
2025-03-06,295.12692,19.467106,1.8772217,-0.9000959,98730.87,location_278671
2025-03-07,295.84592,24.395477,1.0973938,-0.25333595,98445.71,location_278671
2025-03-08,296.8377,24.172495,0.007328709,-0.29820147,98418.76,location_278671
2025-03-09,297.07492,28.218863,-1.0830854,0.18454587,98786.02,location_278671
2025-03-10,298.10706,28.026758,-0.9638212,0.6919183,98962.086,location_278671
2025-03-11,300.3215,26.879725,0.6154249,0.62821406,98665.695,location_278671
2025-03-12,301.71933,26.273659,2.0183444,-0.3204989,98251.57,location_278671
2025-03-13,302.07416,27.767181,1.0534861,-0.22781737,98117.19,location_278671
2025-03-14,302.0186,26.31672,0.85085607,-0.08101049,98247.37,location_278671
2025-03-15,302.9398,26.347513,1.2659582,0.51871467,98384.695,location_278671
2025-03-16,301.18332,29.681551,1.3099405,-1.782241,98431.6,location_278671
2025-03-17,299.22552,30.874067,0.41802225,-1.7061917,98634.31,location_278671
2025-03-18,298.2098,25.7563,0.8223894,-1.05841,98650.52,location_278671
2025-03-19,299.49466,19.95834,-0.4229498,-0.80469495,98733.59,location_278671
2025-03-20,300.39737,20.74922,-1.2872063,-0.59071594,98751.28,location_278671
2025-03-21,299.8843,22.019255,-0.17068706,-1.1683123,98723.13,location_278671
2025-03-22,300.2294,23.560564,0.47849557,-0.023838751,98679.086,location_278671
2025-03-23,299.3658,21.38378,-0.57141215,-0.42728516,98832.945,location_278671
2025-03-24,299.82065,18.028671,-0.6838448,0.3789489,98750.71,location_278671
2025-03-25,302.23932,17.496283,0.1580805,0.61811244,98311.16,location_278671
2025-03-26,304.5332,15.642643,1.2192438,0.543763,98109.59,location_278671
2025-03-27,304.31418,21.21924,2.4555368,-1.1779118,98069.1,location_278671
2025-03-28,300.57077,10.711541,2.0869453,-2.162408,98306.63,location_278671
2025-03-29,297.99615,8.914299,1.9510189,-1.478888,98386.19,location_278671
2025-03-30,299.91287,9.623462,1.2444218,-1.2623038,98464.99,location_278671
2025-03-31,300.9097,10.837544,1.0208662,-1.1051993,98403.96,location_278671
2025-04-01,301.73978,12.077613,0.233868,-1.0406946,98390.41,location_278671
2025-04-02,301.61008,17.28679,-0.7835241,0.5311944,98498.555,location_278671
2025-04-03,303.26166,24.36497,0.097621076,0.9363544,98520.51,location_278671
2025-04-04,304.13797,22.095207,1.0643228,-0.14500211,98388.04,location_278671
2025-04-05,304.29114,16.270105,0.8940163,-1.0638409,98226.695,location_278671
2025-04-06,305.16806,17.911024,0.5897715,-0.69995683,98151.336,location_278671
2025-04-07,305.89938,16.523796,-0.8165527,0.023452446,98250.875,location_278671
2025-04-08,305.8029,18.931002,-1.5748242,0.041945923,98400.54,location_278671
2025-04-09,306.22418,23.025145,-1.3467827,0.2029136,98133.34,location_278671
2025-04-10,305.8027,27.450014,-1.8730122,0.68607044,97783.32,location_278671
2025-04-11,305.17117,24.918976,0.16565211,-0.19710122,97743.31,location_278671
2025-04-12,304.27286,24.17888,-0.53516877,-0.81764793,98070.63,location_278671
2025-04-13,304.25745,28.195597,-0.6916504,0.31667346,98230.47,location_278671
2025-04-14,303.5991,30.323395,-1.8361965,-0.045930028,98279.26,location_278671
2025-04-15,303.72632,30.486494,-1.7844523,-0.024342595,98276.695,location_278671
2025-04-16,304.63528,29.551825,-1.2051026,0.06388388,98153.53,location_278671
2025-04-17,307.00552,24.564713,-0.55723363,1.1252109,97877.22,location_278671
2025-04-18,307.8651,20.732376,-1.1416899,-0.122535236,97775.99,location_278671
2025-04-19,307.57053,18.327805,-0.19613104,0.49724427,97830.07,location_278671
2025-04-20,307.1191,15.064,2.6523027,0.70482856,97909.57,location_278671
2025-04-21,306.84024,11.765687,2.2451243,-0.41846704,98171.98,location_278671
2025-04-22,306.73685,8.434022,2.527013,-0.9009003,98184.04,location_278671
2025-04-23,306.14905,6.3493543,2.5828469,-0.92257005,97949.9,location_278671
2025-04-24,306.7674,7.7810073,2.5987346,-0.29300573,97844.91,location_278671
2025-04-25,308.48093,9.754113,2.009522,-0.5433418,97855.72,location_278671
2025-04-26,308.0481,12.110374,1.0870837,-0.3368733,97844.625,location_278671
2025-04-27,304.69388,17.201452,0.62420565,-0.73783296,98136.84,location_278671
2025-04-28,306.24347,14.117259,-1.7214941,1.0003542,97897.195,location_278671
2025-04-29,306.50204,18.493748,-2.072649,-0.3001387,97857.29,location_278671
2025-04-30,305.94684,25.534536,-2.0921195,-0.6788989,98075.74,location_278671
2025-05-01,306.38962,29.624199,-2.7095187,-0.7315135,98164.69,location_278671
2025-05-02,305.9283,30.897955,-1.0803914,-1.2437737,98145.91,location_278671
2025-05-03,306.9414,29.19177,-1.5554751,-0.54706866,97964.914,location_278671
2025-05-04,306.92422,26.784472,-0.22523005,-0.4547193,97893.43,location_278671
2025-05-05,307.3461,27.619097,-0.3996688,1.235526,97934.12,location_278671
2025-05-06,304.74323,37.11552,1.1540061,1.1912807,97972.336,location_278671
2025-05-07,304.53476,41.750523,1.7817165,2.8440065,97909.94,location_278671
2025-05-08,304.4365,39.468365,1.7733016,3.0358496,98062.625,location_278671
2025-05-09,304.66498,39.648746,2.1964028,2.173177,98162.57,location_278671
2025-05-10,307.47916,35.13906,2.205781,0.72317004,98036.65,location_278671
2025-05-11,307.03226,42.24776,1.6764631,0.16032343,97855.4,location_278671
2025-05-12,307.57645,29.066504,0.67317915,-0.8583142,97802.31,location_278671
2025-05-13,308.4468,29.656044,1.041366,-1.663895,97832.44,location_278671
2025-05-14,309.8466,23.323616,1.1075612,-0.40356097,97839.88,location_278671
2025-05-15,310.66623,21.914223,1.9273537,-0.04079936,97774.06,location_278671
2025-05-16,310.09,19.669983,0.5461882,0.03316738,97709.04,location_278671
2025-05-17,311.32556,20.573349,0.83837634,-0.30763322,97716.53,location_278671
2025-05-18,311.6523,21.66419,0.45744172,0.029598216,97660.34,location_278671
2025-05-19,310.97458,23.539633,-1.0840539,-0.5503586,97638.85,location_278671
2025-05-20,311.2262,29.06746,2.328469,0.19294538,97472.79,location_278671
2025-05-21,311.16824,29.871078,1.1035749,0.0012479523,97529.96,location_278671
2025-05-22,308.9999,34.884502,0.11979005,-0.5233792,97571.26,location_278671
2025-05-23,308.76938,35.604805,-2.034664,-0.7418739,97412.125,location_278671
2025-05-24,309.55698,35.48009,-3.0453854,1.38262,97471.1,location_278671
2025-05-25,308.37097,39.67747,-2.8438084,0.42922685,97703.23,location_278671
2025-05-26,308.1413,36.644745,-1.8462969,-1.0522528,97499.625,location_278671
2025-05-27,309.233,35.947742,-1.8768727,-0.77306324,97303.35,location_278671
2025-05-28,309.5763,36.83726,-0.85052633,-1.5707248,97166.43,location_278671
2025-05-29,310.03494,30.456871,-0.20395249,-1.7393074,97017.21,location_278671
2025-05-30,310.25076,30.519302,2.2029727,-0.57668954,97087.57,location_278671
2025-05-31,309.2459,28.820595,4.3490148,-0.11265943,97373.6,location_278671
2025-06-01,308.2215,32.05087,5.0248475,0.24676162,97438.72,location_278671
2025-01-18,294.80795,55.19391,-1.3903836,-0.38886786,100892.57,location_301387
2025-01-19,295.65207,52.4873,-0.64458114,-0.33459878,100906.586,location_301387
2025-01-20,295.38092,47.30238,-0.38915932,-0.91438407,100852.51,location_301387
2025-01-21,294.077,42.015984,0.07811207,-1.077048,100745.65,location_301387
2025-01-22,293.01065,38.52849,0.7720785,-1.3249065,100780.164,location_301387
2025-01-23,292.02185,36.245068,-0.2523996,-2.0928493,100858.47,location_301387
2025-01-24,292.6478,39.259716,-2.0897748,-1.6824998,100849.03,location_301387
2025-01-25,293.42398,38.779015,-1.1542321,-1.4185395,100863.09,location_301387
2025-01-26,293.93497,36.27363,-0.5465515,-1.0600766,100758.46,location_301387
2025-01-27,294.5276,31.751047,-0.42082763,-1.2184054,100591.76,location_301387
2025-01-28,296.25632,28.352545,-0.14867178,-0.6491825,100578.68,location_301387
2025-01-29,295.92117,28.924974,1.1176399,-0.6256598,100725.414,location_301387
2025-01-30,294.11288,40.49914,1.7623488,-0.7466798,100581.21,location_301387
2025-01-31,292.88284,38.885605,1.6260996,-0.48244405,100577.195,location_301387
2025-02-01,291.82886,35.513145,1.1026074,-0.9251237,100781.1,location_301387
2025-02-02,293.63187,27.828722,-0.042125195,-0.8834844,100779.945,location_301387
2025-02-03,295.2922,31.533745,0.49107984,-0.19296901,100722.84,location_301387
2025-02-04,293.77267,29.664621,1.4170284,-1.3663272,100897.63,location_301387
2025-02-05,292.0635,26.15249,-0.73996073,-2.0797586,100911.79,location_301387
2025-02-06,293.15085,26.016998,-2.1296358,-1.6759838,100928.02,location_301387
2025-02-07,294.6849,30.369493,-2.0928934,-0.93223333,100931.4,location_301387
2025-02-08,296.46484,28.756266,-0.7905171,-0.5932866,100809.375,location_301387
2025-02-09,295.94742,25.418335,0.2971411,-0.8277871,100721.19,location_301387
2025-02-10,295.5705,24.404642,1.0620078,-0.74764293,100837.79,location_301387
2025-02-11,295.52084,39.645016,1.4602665,-0.75442785,100883.06,location_301387
2025-02-12,295.71826,30.954687,0.25863025,-1.632594,100961.56,location_301387
2025-02-13,296.86884,22.891336,-0.58822596,-1.1502389,100959.305,location_301387
2025-02-14,297.6783,26.790937,0.7138994,-0.3375032,100820.586,location_301387
2025-02-15,297.89673,37.447273,2.22755,-0.71402186,100619.24,location_301387
2025-02-16,298.3681,43.062714,2.0110571,-0.43716276,100682.414,location_301387
2025-02-17,299.28592,42.359177,1.5273317,-0.6162832,100783.41,location_301387
2025-02-18,299.39438,35.74063,1.489286,-1.5502205,100737.66,location_301387
2025-02-19,298.7193,35.005325,1.8327736,-0.8950587,100635.06,location_301387
2025-02-20,299.01022,36.64709,1.5790695,-1.03767,100791.914,location_301387
2025-02-21,299.31683,27.663803,0.36612344,-1.3099763,100950.51,location_301387
2025-02-22,298.6536,24.97014,0.34494796,-1.6019835,100993.01,location_301387
2025-02-23,299.53552,24.450445,-0.062281195,-1.3078612,100966.28,location_301387
2025-02-24,300.3518,23.497374,-1.1487385,-0.928958,101031.22,location_301387
2025-02-25,301.0735,23.75853,-1.6079793,-0.11787837,101062.84,location_301387
2025-02-26,302.58908,23.38861,-1.1768088,0.7891328,100963.84,location_301387
2025-02-27,301.68018,25.797468,0.6735022,0.47656456,100726.69,location_301387
2025-02-28,300.09418,36.258152,2.1462228,-0.66159636,100655.18,location_301387
2025-03-01,299.76416,37.60499,1.9443485,-1.1878608,100665.15,location_301387
2025-03-02,299.81094,33.273754,1.6328393,-1.0553175,100604.15,location_301387
2025-03-03,300.6139,33.93983,2.253137,-1.6174741,100691.74,location_301387
2025-03-04,297.03394,15.717139,0.40369728,-3.209572,100941.43,location_301387
2025-03-05,296.1024,9.887351,-1.3805381,-1.8805941,100984.79,location_301387
2025-03-06,299.0527,13.019362,0.35496008,-1.2685702,100785.195,location_301387
2025-03-07,300.97775,18.142122,0.7823234,-0.80594635,100527.375,location_301387
2025-03-08,302.60724,24.073545,1.1810697,-0.07674081,100252.76,location_301387
2025-03-09,304.53326,19.20215,-0.4140892,-0.26528928,100458.69,location_301387
2025-03-10,305.26004,17.052622,-1.1347622,-0.20848511,100669.75,location_301387
2025-03-11,304.5347,18.26538,0.28733516,0.16259469,100626.03,location_301387
2025-03-12,303.82803,17.254646,2.1254547,-1.064233,100421.57,location_301387
2025-03-13,303.5826,24.663382,2.9542277,-0.31578457,100293.19,location_301387
2025-03-14,303.65955,31.426168,2.8941047,-0.13769688,100366.37,location_301387
2025-03-15,302.9997,28.823868,2.1808379,-0.57973886,100501.03,location_301387
2025-03-16,301.76828,22.831232,2.0332634,-1.1504865,100558.27,location_301387
2025-03-17,301.82382,19.524717,0.5032426,-1.682032,100561.65,location_301387
2025-03-18,302.44223,15.985092,0.023444155,-0.5502034,100495.85,location_301387
2025-03-19,301.49368,18.00942,1.4635496,-1.1358603,100633.26,location_301387
2025-03-20,300.94882,28.069593,1.6925403,-1.0438302,100779.945,location_301387
2025-03-21,301.91916,29.380327,0.93914,-1.5608128,100713.13,location_301387
2025-03-22,303.2115,18.738195,0.05345881,-0.8087652,100660.75,location_301387
2025-03-23,304.51328,16.12567,0.270005,-0.7304798,100695.28,location_301387
2025-03-24,304.99222,15.222941,0.20659001,-0.3534123,100588.04,location_301387
2025-03-25,304.7797,18.961832,1.2388284,-0.014165987,100271.49,location_301387
2025-03-26,303.50977,31.41784,2.3791788,-0.14310509,100225.93,location_301387
2025-03-27,302.41574,23.060013,2.063592,-1.4631952,100361.1,location_301387
2025-03-28,302.35855,5.8108444,0.1498128,-2.8892148,100419.97,location_301387
2025-03-29,302.3347,5.355785,-1.0528826,-1.5066184,100330.19,location_301387
2025-03-30,303.26053,6.3783755,-0.36917982,-1.165319,100355.32,location_301387
2025-03-31,304.94876,7.0408864,-0.18735659,-1.5356675,100307.29,location_301387
2025-04-01,304.86545,7.55056,-0.6561085,-1.8189844,100192.07,location_301387
2025-04-02,305.18497,9.2002,0.47807887,-1.0993153,100228.22,location_301387
2025-04-03,304.90164,17.611576,1.041648,1.0056747,100473.51,location_301387
2025-04-04,305.21414,15.7879095,1.2644628,-0.64487034,100516.375,location_301387
2025-04-05,305.91418,16.488186,1.9526368,-0.99978703,100366.03,location_301387
2025-04-06,307.00333,14.986141,2.654521,-1.4129152,100242.664,location_301387
2025-04-07,307.05563,18.071215,3.1471155,-0.94685394,100304.21,location_301387
2025-04-08,307.76123,16.25342,2.3044562,-1.9790069,100389.21,location_301387
2025-04-09,308.4898,12.795629,2.704858,-2.7695668,100238.34,location_301387
2025-04-10,307.13345,19.09067,3.8340495,-0.9811595,99929.32,location_301387
2025-04-11,305.54617,29.807016,2.8649063,1.0342065,99884.65,location_301387
2025-04-12,305.5007,35.945015,2.3576038,0.68274784,100142.63,location_301387
2025-04-13,306.4612,29.39932,3.0732193,-0.728834,100317.13,location_301387
2025-04-14,306.66873,29.550528,4.01531,-0.82973844,100227.93,location_301387
2025-04-15,307.16968,39.817196,2.88433,-0.57504946,100079.695,location_301387
2025-04-16,307.60208,37.642246,2.7903821,-0.42319322,100081.53,location_301387
2025-04-17,307.39093,36.321415,2.780166,-0.13432436,100009.555,location_301387
2025-04-18,307.343,30.558815,3.4991283,-0.32005265,100006.32,location_301387
2025-04-19,305.94357,32.328365,3.64665,0.38475797,100003.41,location_301387
2025-04-20,305.45767,33.910717,2.8781023,-0.3156487,100137.24,location_301387
2025-04-21,305.61496,22.65162,2.1729605,-0.5719552,100377.31,location_301387
2025-04-22,306.25964,17.03795,1.6301217,-1.1813766,100370.04,location_301387
2025-04-23,307.00974,15.882585,1.7810687,-1.4069654,100140.9,location_301387
2025-04-24,306.47443,22.97294,1.9352826,-0.42163968,100036.57,location_301387
2025-04-25,306.27457,27.888472,2.2270582,0.009226334,100065.38,location_301387
2025-04-26,306.88794,31.318022,2.0903847,0.3838171,100038.29,location_301387
2025-04-27,308.03177,26.336779,2.3579628,0.046728194,100081.84,location_301387
2025-04-28,308.79816,24.820747,3.1728795,0.11522615,99902.195,location_301387
2025-04-29,308.6687,28.359545,3.1366303,0.3067175,99881.625,location_301387
2025-04-30,308.46378,27.756454,3.1780832,-0.6058893,99995.74,location_301387
2025-05-01,308.43518,26.130747,3.7571917,-0.5823682,100113.35,location_301387
2025-05-02,308.6223,24.78701,2.5157,0.42888364,100067.91,location_301387
2025-05-03,307.5651,32.080616,1.9839587,0.96247524,99961.25,location_301387
2025-05-04,306.95938,35.683784,1.4912286,1.4168583,99920.43,location_301387
2025-05-05,306.72238,42.63603,2.8057477,1.1456555,99984.445,location_301387
2025-05-06,301.49454,68.913826,1.5721034,0.9883613,100062.336,location_301387
2025-05-07,300.25482,78.42737,0.7063329,1.5848254,100007.94,location_301387
2025-05-08,301.4951,73.64217,0.6826618,0.48780844,100086.625,location_301387
2025-05-09,303.31732,64.358635,0.4248333,0.96409965,100189.57,location_301387
2025-05-10,304.5267,58.17723,0.2653754,1.6995627,100187.65,location_301387
2025-05-11,305.5635,52.855427,0.7421243,1.7477474,100066.4,location_301387
2025-05-12,305.72812,54.32208,1.2363715,1.8677174,100004.31,location_301387
2025-05-13,305.77884,54.9743,1.0174459,1.7091202,100029.44,location_301387
2025-05-14,306.94296,51.037964,1.1168967,1.2021106,100026.555,location_301387
2025-05-15,307.4761,48.022903,1.2524067,1.0970656,100014.4,location_301387
2025-05-16,307.47736,49.079227,1.6730663,2.1037,99968.71,location_301387
2025-05-17,306.9818,53.34697,1.5019678,2.754895,99940.195,location_301387
2025-05-18,306.7122,53.1506,0.99925905,2.1842396,99877.68,location_301387
2025-05-19,307.99475,52.2634,0.99507564,1.092702,99805.52,location_301387
2025-05-20,309.06018,47.339436,0.70944166,1.0094658,99679.79,location_301387
2025-05-21,308.58884,48.102642,1.6049031,1.6611382,99740.29,location_301387
2025-05-22,308.99924,50.21732,0.8913596,1.5643207,99600.93,location_301387
2025-05-23,309.35336,46.766552,1.507969,0.6398385,99336.125,location_301387
2025-05-24,308.71,43.812943,1.8534869,0.8340818,99314.77,location_301387
2025-05-25,308.343,47.1761,1.1514117,0.57201415,99528.9,location_301387
2025-05-26,307.69208,51.47938,2.1809044,0.57712847,99424.29,location_301387
2025-05-27,307.5286,52.056896,3.2068777,0.8234945,99344.02,location_301387
2025-05-28,304.78787,58.170605,2.7328272,1.12528,99400.76,location_301387
2025-05-29,305.76282,58.21295,1.2927879,2.1955135,99230.875,location_301387
2025-05-30,306.94217,50.343685,2.6818545,2.7060814,99274.91,location_301387
2025-05-31,306.5825,52.244648,3.7282467,3.6091118,99640.27,location_301387
2025-06-01,306.22214,54.57167,3.1799784,3.655443,99648.38,location_301387
2025-01-18,291.20346,75.025566,0.4764485,-1.7307366,101490.24,location_6981
2025-01-19,290.31192,72.958595,1.1572319,-1.8149428,101347.914,location_6981
2025-01-20,290.65045,64.959496,1.1046096,-1.0537425,101231.18,location_6981
2025-01-21,292.00244,71.160164,1.0102084,-0.492466,101181.31,location_6981
2025-01-22,292.83292,65.408195,0.6075867,-0.789248,101261.164,location_6981
2025-01-23,293.5422,74.05871,0.69822836,-0.22222854,101249.805,location_6981
2025-01-24,293.90186,77.0716,0.16731536,-0.66403526,101235.37,location_6981
2025-01-25,292.5599,77.57942,-0.044615258,-1.2387503,101364.43,location_6981
2025-01-26,290.31842,61.823048,0.7041025,-1.5853859,101301.125,location_6981
2025-01-27,291.16025,57.678696,0.9066748,-0.94614863,101146.76,location_6981
2025-01-28,292.34225,61.256702,0.1234048,0.019781953,101343.68,location_6981
2025-01-29,293.4778,81.548904,0.2878708,1.2159654,101392.086,location_6981
2025-01-30,295.22128,83.56161,1.2259184,2.2981303,101000.875,location_6981
2025-01-31,295.47284,79.2048,0.9111199,0.7595486,101095.53,location_6981
2025-02-01,296.60718,78.54127,0.36358383,0.34696463,101133.44,location_6981
2025-02-02,296.17856,71.58211,0.33123383,-0.77664304,101155.28,location_6981
2025-02-03,294.96115,62.52136,0.40942118,-1.3855495,101277.51,location_6981
2025-02-04,294.6324,63.49474,0.7147958,-0.579884,101205.305,location_6981
2025-02-05,296.30472,74.65174,1.0792754,0.2683782,101037.79,location_6981
2025-02-06,294.79733,69.08015,1.0555563,-2.0161936,101175.69,location_6981
2025-02-07,292.73242,48.821484,0.9870308,-1.389408,101363.06,location_6981
2025-02-08,291.79654,50.179455,0.80937195,-1.3261052,101366.04,location_6981
2025-02-09,292.97412,52.18689,1.1423006,-0.26407307,101279.85,location_6981
2025-02-10,294.49042,71.335556,1.21113,0.8563222,101264.125,location_6981
2025-02-11,295.95865,69.69573,1.3843514,0.39080152,101161.4,location_6981
2025-02-12,297.52066,70.99592,0.64874154,0.45449555,101137.9,location_6981
2025-02-13,295.72202,62.259247,1.2391018,-1.2665211,101107.97,location_6981
2025-02-14,294.01846,43.866604,1.2538759,-0.8319077,101150.914,location_6981
2025-02-15,294.77237,51.436253,0.9884346,-0.27392313,101093.91,location_6981
2025-02-16,296.039,66.72143,1.1766454,1.1114162,101190.086,location_6981
2025-02-17,297.33896,71.615074,1.0931746,1.1268923,101270.07,location_6981
2025-02-18,298.24365,67.83637,0.7850099,0.10426398,101208.99,location_6981
2025-02-19,298.0764,72.306786,0.579653,0.557,101163.4,location_6981
2025-02-20,297.43375,76.84136,0.48580906,0.5859255,101347.914,location_6981
2025-02-21,297.59158,74.01542,0.74713665,0.19093917,101338.18,location_6981
2025-02-22,298.52728,72.37541,0.63672984,1.6076518,101371.01,location_6981
2025-02-23,297.28064,70.81359,0.70085526,-0.47214743,101487.62,location_6981
2025-02-24,296.97128,60.365086,0.17377128,-1.1515151,101601.22,location_6981
2025-02-25,296.9078,60.71913,-0.058326717,-0.62465173,101704.51,location_6981
2025-02-26,296.71667,58.355633,0.1046802,-1.0465008,101649.84,location_6981
2025-02-27,297.75668,66.45512,0.76931787,0.077847965,101400.69,location_6981
2025-02-28,298.32822,68.39007,1.0745052,0.51557595,101272.51,location_6981
2025-03-01,299.41196,70.777214,1.5896363,1.9298334,100971.48,location_6981
2025-03-02,299.5665,65.78571,1.3342592,0.8024874,100800.81,location_6981
2025-03-03,300.39938,58.839207,0.23276664,-1.0969077,100938.41,location_6981
2025-03-04,298.73544,48.12849,1.2886435,-0.534513,100951.76,location_6981
2025-03-05,298.59134,46.38806,1.0917238,-0.852823,100878.79,location_6981
2025-03-06,295.48856,39.17222,0.95871955,-1.5693374,101086.87,location_6981
2025-03-07,296.26062,48.826233,1.3140694,0.73639137,100893.04,location_6981
2025-03-08,298.22443,60.821278,1.201374,1.2943164,100867.76,location_6981
2025-03-09,299.45938,66.08085,0.52787083,1.4161835,101287.69,location_6981
2025-03-10,300.0413,60.223297,0.8607228,0.7136373,101365.086,location_6981
2025-03-11,300.0321,60.790054,1.8135004,1.5737567,101109.37,location_6981
2025-03-12,301.52042,59.549725,1.5360279,1.4113072,100720.57,location_6981
2025-03-13,302.25253,58.670597,1.7712951,1.141849,100577.85,location_6981
2025-03-14,302.92453,60.3596,1.2789313,1.011438,100756.03,location_6981
2025-03-15,303.32455,58.56867,1.2467012,1.2980077,100888.37,location_6981
2025-03-16,304.00558,59.931137,1.0164081,1.5887097,100765.27,location_6981
2025-03-17,302.1119,67.37855,1.0538814,1.688056,100773.98,location_6981
2025-03-18,301.71957,57.63742,0.89847016,-0.6959248,100960.19,location_6981
2025-03-19,302.31366,62.1131,0.9456331,0.9172594,101233.26,location_6981
2025-03-20,302.07837,65.81506,1.2460172,1.4619361,101303.945,location_6981
2025-03-21,300.84427,60.79645,0.46447214,0.29174975,101379.805,location_6981
2025-03-22,299.0546,64.07386,0.9977024,1.2756264,101370.086,location_6981
2025-03-23,300.28735,54.64748,0.57313544,-0.6009823,101351.62,location_6981
2025-03-24,300.32425,48.240955,0.84747005,-0.8851388,101201.71,location_6981
2025-03-25,300.5388,58.342533,1.4902849,0.016759759,100773.16,location_6981
2025-03-26,301.80142,63.849033,1.6152183,1.9005008,100573.59,location_6981
2025-03-27,302.35715,56.115818,1.8014282,0.5525837,100372.44,location_6981
2025-03-28,303.51935,54.466366,1.8790088,0.799787,100349.63,location_6981
2025-03-29,304.08926,58.278133,1.2911271,0.35774624,100572.85,location_6981
2025-03-30,303.58997,63.2265,1.0343643,1.5458881,100816.32,location_6981
2025-03-31,303.6636,63.4711,1.4335451,2.3478417,100758.625,location_6981
2025-04-01,302.93314,62.669865,1.5621004,2.3372352,100797.07,location_6981
2025-04-02,303.3718,60.452328,1.2281095,1.8894701,100939.88,location_6981
2025-04-03,304.33392,53.46548,1.499249,1.0429138,100987.84,location_6981
2025-04-04,304.93353,50.09255,1.7355729,0.8145406,100818.04,location_6981
2025-04-05,304.55222,53.57013,1.3874236,1.2119896,100661.37,location_6981
2025-04-06,304.59384,57.94597,0.527152,2.9759424,100722.664,location_6981
2025-04-07,303.96707,60.227016,-0.41761887,2.5309572,100995.54,location_6981
2025-04-08,302.51254,66.035194,0.122642666,2.2480133,101216.54,location_6981
2025-04-09,303.39474,55.695095,0.37518665,2.4510446,100884.68,location_6981
2025-04-10,303.40622,56.43079,0.56481934,2.6013792,100550.32,location_6981
2025-04-11,302.76816,64.09834,0.6157889,1.5281359,100455.31,location_6981
2025-04-12,302.8256,66.08132,0.287163,2.082013,100653.305,location_6981
2025-04-13,302.35574,65.69169,-0.20398825,0.42123845,100809.13,location_6981
2025-04-14,302.8302,61.851574,-0.93163687,0.40128252,100855.93,location_6981
2025-04-15,303.0681,60.128666,-0.17527741,1.1036958,100873.03,location_6981
2025-04-16,303.52332,60.701416,1.3317868,2.2253916,100760.87,location_6981
2025-04-17,303.39548,67.427635,0.5647796,2.4657009,100609.88,location_6981
2025-04-18,302.56238,72.1852,0.54086405,1.7849075,100567.32,location_6981
2025-04-19,303.58353,70.95482,0.844376,1.7819633,100486.07,location_6981
2025-04-20,304.97784,69.00596,0.9746904,2.7027586,100519.91,location_6981
2025-04-21,305.1755,70.53927,0.7827017,3.5330403,100638.31,location_6981
2025-04-22,305.65808,67.92714,1.2412871,3.5246375,100558.71,location_6981
2025-04-23,306.25778,63.32709,1.3478055,2.8999195,100322.9,location_6981
2025-04-24,306.01154,65.53243,1.3012925,3.4724286,100386.91,location_6981
2025-04-25,305.92624,62.853863,1.5927807,3.1805458,100438.38,location_6981
2025-04-26,305.6666,61.75998,1.6594282,4.1672263,100553.29,location_6981
2025-04-27,305.2746,58.07152,1.2018186,1.6413006,100686.51,location_6981
2025-04-28,303.71286,62.16405,0.6144944,0.42156288,100669.87,location_6981
2025-04-29,302.56454,64.992,0.56560796,0.4734094,100751.625,location_6981
2025-04-30,302.56662,64.855736,0.25374642,0.8530975,100851.74,location_6981
2025-05-01,302.3766,64.76032,0.13478051,0.42659044,100940.02,location_6981
2025-05-02,302.50772,61.571697,0.9141275,0.36783752,100756.57,location_6981
2025-05-03,303.4336,64.29748,1.3229352,1.5688316,100603.914,location_6981
2025-05-04,303.2647,62.425976,0.86624956,1.4901699,100517.09,location_6981
2025-05-05,303.96198,62.225723,0.51722544,2.0822184,100559.445,location_6981
2025-05-06,304.51602,61.985928,0.800338,1.5273734,100545.664,location_6981
2025-05-07,304.8245,62.159077,1.4717088,1.0267968,100451.94,location_6981
2025-05-08,305.7275,59.86565,1.7047896,0.96811944,100503.96,location_6981
2025-05-09,306.31406,55.726673,1.1718363,0.6606685,100523.24,location_6981
2025-05-10,307.12173,53.901,1.6899933,1.1873062,100456.98,location_6981
2025-05-11,307.7113,52.64815,1.7814842,1.7247787,100275.06,location_6981
2025-05-12,307.26068,57.59018,1.5311795,2.2652724,100158.65,location_6981
2025-05-13,306.02362,62.7659,1.5121814,2.6876166,100267.77,location_6981
2025-05-14,306.5087,61.34261,1.286394,3.295225,100372.555,location_6981
2025-05-15,305.54318,66.905945,0.88700956,3.5650227,100429.73,location_6981
2025-05-16,305.33218,68.17599,0.56528753,3.555703,100397.71,location_6981
2025-05-17,303.9818,70.12171,0.3893685,3.3064682,100477.195,location_6981
2025-05-18,304.0631,71.001175,-0.2559441,2.892011,100538.01,location_6981
2025-05-19,304.39774,70.88365,0.18185498,2.922141,100452.19,location_6981
2025-05-20,304.4254,73.45701,0.680099,3.490693,100333.125,location_6981
2025-05-21,303.7633,76.4851,0.30646333,3.1762419,100454.625,location_6981
2025-05-22,302.83194,72.72883,0.00509324,0.95899683,100337.59,location_6981
2025-05-23,303.15414,69.89344,-0.1406674,0.6826237,100170.79,location_6981
2025-05-24,303.04398,74.20688,-0.6238818,0.06386663,100164.1,location_6981
2025-05-25,301.17307,87.2459,-0.69509697,1.7581091,100248.9,location_6981
2025-05-26,302.52606,81.019226,-1.9616331,0.80265594,100063.96,location_6981
2025-05-27,301.93027,85.98636,-2.889985,-1.7368973,99760.35,location_6981
2025-05-28,302.21692,84.42471,-1.253024,-1.4473768,99358.09,location_6981
2025-05-29,302.36438,85.904915,1.1822824,-2.1487873,99081.54,location_6981
2025-05-30,303.97083,78.24193,2.631704,2.256458,99658.91,location_6981
2025-05-31,303.06818,83.03658,1.358272,3.117738,99942.94,location_6981
2025-06-01,304.76642,75.41494,1.5082763,2.498089,99843.055,location_6981
